<?xml version="1.0" encoding="UTF-8"?>
<AllInstructor>
  <Instructor>
    <InstructorID>201586985</InstructorID>
    <Rank>Professor</Rank>
    <Salary>120000</Salary>
  </Instructor>
  <Instructor>
    <InstructorID>386167477</InstructorID>
    <Rank>Reader</Rank>
    <Salary>100000</Salary>
  </Instructor>
  <Instructor>
    <InstructorID>463249547</InstructorID>
    <Rank>Reader</Rank>
    <Salary>100000</Salary>
  </Instructor>
  <Instructor>
    <InstructorID>466388906</InstructorID>
    <Rank>Lecturer</Rank>
    <Salary>80000</Salary>
  </Instructor>
  <Instructor>
    <InstructorID>555010131</InstructorID>
    <Rank>Professor</Rank>
    <Salary>120000</Salary>
  </Instructor>
  <Instructor>
    <InstructorID>685744439</InstructorID>
    <Rank>Reader</Rank>
    <Salary>100000</Salary>
  </Instructor>
  <Instructor>
    <InstructorID>696335701</InstructorID>
    <Rank>Lecturer</Rank>
    <Salary>80000</Salary>
  </Instructor>
  <Instructor>
    <InstructorID>836826630</InstructorID>
    <Rank>Lecturer</Rank>
    <Salary>80000</Salary>
  </Instructor>
  <Instructor>
    <InstructorID>961874958</InstructorID>
    <Rank>Professor</Rank>
    <Salary>120000</Salary>
  </Instructor>
  <Instructor>
    <InstructorID>997111094</InstructorID>
    <Rank>Reader</Rank>
    <Salary>100000</Salary>
  </Instructor>
</AllInstructor>