<?xml version="1.0" encoding="UTF-8"?>
 <AllPersons>
   <Person>
    <Name>Wee Fletcher</Name>
    <ID>115423723</ID>
    <Address>1234 Hayward Avenue</Address>
    <DOB>1974-09-23 00:00:00</DOB>
  </Person>
  <Person>
    <Name>Jinchao Henson</Name>
    <ID>118784412</ID>
    <Address>236 Westland Street</Address>
    <DOB>1976-07-24 00:00:00</DOB>
  </Person>
  <Person>
    <Name>Gene Lehmer</Name>
    <ID>120308944</ID>
    <Address>746 Creekside</Address>
    <DOB>1974-06-12 00:00:00</DOB>
  </Person>
  <Person>
    <Name>John Basaraba</Name>
    <ID>124208644</ID>
    <Address>678 Westside Apartments</Address>
    <DOB>1974-06-07 00:00:00</DOB>
  </Person>
  <Person>
    <Name>Jason Wang</Name>
    <ID>126544126</ID>
    <Address>876 Westburrow</Address>
    <DOB>1977-09-15 00:00:00</DOB>
  </Person>
  <Person>
    <Name>Daniel Woo</Name>
    <ID>131838016</ID>
    <Address>890 3rd Street</Address>
    <DOB>1976-03-12 00:00:00</DOB>
  </Person>
  <Person>
    <Name>Jamie Yang</Name>
    <ID>143293833</ID>
    <Address>365 Ash Avenue</Address>
    <DOB>1972-02-08 00:00:00</DOB>
  </Person>
  <Person>
    <Name>Todd Lu</Name>
    <ID>163728111</ID>
    <Address>89 Williamstown</Address>
    <DOB>1977-12-12 00:00:00</DOB>
  </Person>
  <Person>
    <Name>Omar Shahnawaz</Name>
    <ID>164500920</ID>
    <Address>8234 9th Street</Address>
    <DOB>1975-08-28 00:00:00</DOB>
  </Person>
  <Person>
    <Name>Jason Huang</Name>
    <ID>164776911</ID>
    <Address>8900 Wilhelm Drive</Address>
    <DOB>1976-09-30 00:00:00</DOB>
  </Person>
  <Person>
    <Name>Yeow Huang</Name>
    <ID>170815037</ID>
    <Address>3456 Osborn Drive</Address>
    <DOB>1975-11-23 00:00:00</DOB>
  </Person>
  <Person>
    <Name>William Stumpf</Name>
    <ID>185141262</ID>
    <Address>6389 Stange Avenue</Address>
    <DOB>1973-05-23 00:00:00</DOB>
  </Person>
  <Person>
    <Name>Sameer Shah</Name>
    <ID>191083779</ID>
    <Address>30 West Street</Address>
    <DOB>1978-09-15 00:00:00</DOB>
  </Person>
  <Person>
    <Name>Min Tuyet</Name>
    <ID>201586985</ID>
    <Address>378 Northridge</Address>
    <DOB>1976-12-03 00:00:00</DOB>
  </Person>
  <Person>
    <Name>Brian Stumpf</Name>
    <ID>203745018</ID>
    <Address>6780 Leword Avenue</Address>
    <DOB>1976-09-01 00:00:00</DOB>
  </Person>
  <Person>
    <Name>Jason Newman</Name>
    <ID>212976207</ID>
    <Address>786 Johnson Avenue</Address>
    <DOB>1974-09-28 00:00:00</DOB>
  </Person>
  <Person>
    <Name>Adam Lee</Name>
    <ID>221157745</ID>
    <Address>234 Lincoln Way</Address>
    <DOB>1976-01-09 00:00:00</DOB>
  </Person>
  <Person>
    <Name>Wee Wang</Name>
    <ID>222105935</ID>
    <Address>368 Kennedy Blvd</Address>
    <DOB>1978-01-12 00:00:00</DOB>
  </Person>
  <Person>
    <Name>Feng Huang</Name>
    <ID>224620876</ID>
    <Address>824 South Blvd</Address>
    <DOB>1975-01-23 00:00:00</DOB>
  </Person>
  <Person>
    <Name>Lin Zhou</Name>
    <ID>232820149</ID>
    <Address>678 Prince Blvd</Address>
    <DOB>1976-11-30 00:00:00</DOB>
  </Person>
  <Person>
    <Name>Eric Wang</Name>
    <ID>252533260</ID>
    <Address>3478 South 18th Street</Address>
    <DOB>1975-04-14 00:00:00</DOB>
  </Person>
  <Person>
    <Name>Aaron Newman</Name>
    <ID>259028125</ID>
    <Address>456 Stanton Drive</Address>
    <DOB>1976-03-14 00:00:00</DOB>
  </Person>
  <Person>
    <Name>Yanqiu Huang</Name>
    <ID>260369148</ID>
    <Address>780 Westpark</Address>
    <DOB>1973-11-19 00:00:00</DOB>
  </Person>
  <Person>
    <Name>Jason Carney</Name>
    <ID>261812056</ID>
    <Address>864 9th Street</Address>
    <DOB>1974-09-30 00:00:00</DOB>
  </Person>
  <Person>
    <Name>Randy Hellman</Name>
    <ID>262891588</ID>
    <Address>7832 Knapp Street</Address>
    <DOB>1973-09-13 00:00:00</DOB>
  </Person>
  <Person>
    <Name>Wen White</Name>
    <ID>271978135</ID>
    <Address>834 West Street</Address>
    <DOB>1976-04-11 00:00:00</DOB>
  </Person>
  <Person>
    <Name>Lee Andrews</Name>
    <ID>273277984</ID>
    <Address>786 Burlington</Address>
    <DOB>1976-05-13 00:00:00</DOB>
  </Person>
  <Person>
    <Name>Zhen Messer</Name>
    <ID>279702622</ID>
    <Address>246 Creekside</Address>
    <DOB>1974-03-13 00:00:00</DOB>
  </Person>
  <Person>
    <Name>Chee Yang</Name>
    <ID>285719425</ID>
    <Address>9602 Manhattan</Address>
    <DOB>1977-03-04 00:00:00</DOB>
  </Person>
  <Person>
    <Name>Golam Bagga</Name>
    <ID>290986112</ID>
    <Address>468 Northridge</Address>
    <DOB>1973-12-03 00:00:00</DOB>
  </Person>
  <Person>
    <Name>Wee Tuyet</Name>
    <ID>296669559</ID>
    <Address>2300 Westside Park</Address>
    <DOB>1976-06-01 00:00:00</DOB>
  </Person>
  <Person>
    <Name>Eric Dennis</Name>
    <ID>302335678</ID>
    <Address>2345 Sterling Apartments</Address>
    <DOB>1975-11-12 00:00:00</DOB>
  </Person>
  <Person>
    <Name>Scot Lee</Name>
    <ID>308635036</ID>
    <Address>3800 Bloomington</Address>
    <DOB>1976-02-14 00:00:00</DOB>
  </Person>
  <Person>
    <Name>Jialiang Jiang</Name>
    <ID>315967897</ID>
    <Address>4563 South Street</Address>
    <DOB>1974-03-16 00:00:00</DOB>
  </Person>
  <Person>
    <Name>Colleen Parcher</Name>
    <ID>328718420</ID>
    <Address>9046 Burlington</Address>
    <DOB>1977-04-05 00:00:00</DOB>
  </Person>
  <Person>
    <Name>Ling Tesar</Name>
    <ID>330260152</ID>
    <Address>4678 West Street</Address>
    <DOB>1978-05-06 00:00:00</DOB>
  </Person>
  <Person>
    <Name>Randy Lewis</Name>
    <ID>332012037</ID>
    <Address>34 Wilhelm Drive</Address>
    <DOB>1972-06-07 00:00:00</DOB>
  </Person>
  <Person>
    <Name>Josh Woo</Name>
    <ID>340502961</ID>
    <Address>1002 Creekside</Address>
    <DOB>1973-07-08 00:00:00</DOB>
  </Person>
  <Person>
    <Name>Wee Whitteney</Name>
    <ID>363200537</ID>
    <Address>1004 Northridge</Address>
    <DOB>1974-08-09 00:00:00</DOB>
  </Person>
  <Person>
    <Name>William Yang</Name>
    <ID>365774792</ID>
    <Address>1800 13th Street</Address>
    <DOB>1975-09-10 00:00:00</DOB>
  </Person>
  <Person>
    <Name>Dennis Fletcher</Name>
    <ID>382109560</ID>
    <Address>225 North Hyland</Address>
    <DOB>1976-10-11 00:00:00</DOB>
  </Person>
  <Person>
    <Name>Seth Carney</Name>
    <ID>386167477</ID>
    <Address>346 Ash Drive</Address>
    <DOB>1977-11-12 00:00:00</DOB>
  </Person>
  <Person>
    <Name>Colleen Good</Name>
    <ID>387215322</ID>
    <Address>356 Chamberlain Street</Address>
    <DOB>1978-12-13 00:00:00</DOB>
  </Person>
  <Person>
    <Name>Ming Jiang</Name>
    <ID>391910519</ID>
    <Address>24 Main Street</Address>
    <DOB>1972-01-14 00:00:00</DOB>
  </Person>
  <Person>
    <Name>Ryan Schmidt</Name>
    <ID>406746417</ID>
    <Address>240 East Lincoln Way</Address>
    <DOB>1973-02-15 00:00:00</DOB>
  </Person>
  <Person>
    <Name>Golam Mohammad</Name>
    <ID>409508678</ID>
    <Address>2040 6th Street</Address>
    <DOB>1974-03-16 00:00:00</DOB>
  </Person>
  <Person>
    <Name>Kerry Marks</Name>
    <ID>419180204</ID>
    <Address>2400 West Street</Address>
    <DOB>1975-04-17 00:00:00</DOB>
  </Person>
  <Person>
    <Name>Eric Loader</Name>
    <ID>432180765</ID>
    <Address>268 Burlington</Address>
    <DOB>1976-05-18 00:00:00</DOB>
  </Person>
  <Person>
    <Name>Jun Wang</Name>
    <ID>449976666</ID>
    <Address>1006 Lebert Hall</Address>
    <DOB>1956-09-15 00:00:00</DOB>
  </Person>
  <Person>
    <Name>Chad Moore</Name>
    <ID>463249547</ID>
    <Address>245 Stange Avenue</Address>
    <DOB>1977-06-19 00:00:00</DOB>
  </Person>
  <Person>
    <Name>Stumpf Andrews</Name>
    <ID>466094162</ID>
    <Address>3400 28th Street</Address>
    <DOB>1978-07-20 00:00:00</DOB>
  </Person>
  <Person>
    <Name>Darren Lehmann</Name>
    <ID>466388906</ID>
    <Address>348 Duff Avenue</Address>
    <DOB>1972-08-21 00:00:00</DOB>
  </Person>
  <Person>
    <Name>Damien Martyn</Name>
    <ID>467545237</ID>
    <Address>240 Pammel Drive</Address>
    <DOB>1973-09-22 00:00:00</DOB>
  </Person>
  <Person>
    <Name>Brett Lee</Name>
    <ID>477453864</ID>
    <Address>340 Pammel Drive</Address>
    <DOB>1974-10-23 00:00:00</DOB>
  </Person>
  <Person>
    <Name>Jan Harvey</Name>
    <ID>483223789</ID>
    <Address>2430 South Dakota</Address>
    <DOB>1975-11-24 00:00:00</DOB>
  </Person>
  <Person>
    <Name>Jim Slater</Name>
    <ID>483727101</ID>
    <Address>2300 Franklin Avenue</Address>
    <DOB>1976-12-25 00:00:00</DOB>
  </Person>
  <Person>
    <Name>Daniel Hayden</Name>
    <ID>485619193</ID>
    <Address>235 North Hyland</Address>
    <DOB>1977-01-26 00:00:00</DOB>
  </Person>
  <Person>
    <Name>Naseer Hussain</Name>
    <ID>490649143</ID>
    <Address>263 North Hyland</Address>
    <DOB>1978-02-27 00:00:00</DOB>
  </Person>
  <Person>
    <Name>Michael Vaughan</Name>
    <ID>495490053</ID>
    <Address>153 North Hyland</Address>
    <DOB>1972-03-28 00:00:00</DOB>
  </Person>
  <Person>
    <Name>Bradley Hoggs</Name>
    <ID>500094214</ID>
    <Address>246 Franklin Avenue</Address>
    <DOB>1972-04-29 00:00:00</DOB>
  </Person>
  <Person>
    <Name>Dennis Patten</Name>
    <ID>501674545</ID>
    <Address>240 Knapp Street</Address>
    <DOB>1973-05-30 00:00:00</DOB>
  </Person>
  <Person>
    <Name>Philip Simmons</Name>
    <ID>504013895</ID>
    <Address>1008 Cooper Hall</Address>
    <DOB>1960-11-12 00:00:00</DOB>
  </Person>
  <Person>
    <Name>Augustin Logie</Name>
    <ID>513110141</ID>
    <Address>230 Sheldon Avenue</Address>
    <DOB>1974-06-01 00:00:00</DOB>
  </Person>
  <Person>
    <Name>Barry Pollock</Name>
    <ID>513729696</ID>
    <Address>246 Osborn Drive</Address>
    <DOB>1975-07-02 00:00:00</DOB>
  </Person>
  <Person>
    <Name>Neil Foster</Name>
    <ID>547083692</ID>
    <Address>243 Union Drive</Address>
    <DOB>1976-08-03 00:00:00</DOB>
  </Person>
  <Person>
    <Name>Neil Radford</Name>
    <ID>550658107</ID>
    <Address>245 University Village</Address>
    <DOB>1977-09-04 00:00:00</DOB>
  </Person>
  <Person>
    <Name>Graeme Dilly</Name>
    <ID>555010131</ID>
    <Address>564 Schiletter</Address>
    <DOB>1978-10-05 00:00:00</DOB>
  </Person>
  <Person>
    <Name>Wilf slack</Name>
    <ID>587735656</ID>
    <Address>560 Ash Avenue</Address>
    <DOB>1972-11-06 00:00:00</DOB>
  </Person>
  <Person>
    <Name>Alex Tudor</Name>
    <ID>590987789</ID>
    <Address>44 Stanton Drive</Address>
    <DOB>1973-12-07 00:00:00</DOB>
  </Person>
  <Person>
    <Name>Craig White</Name>
    <ID>601496044</ID>
    <Address>340 Duff Avenue</Address>
    <DOB>1974-01-08 00:00:00</DOB>
  </Person>
  <Person>
    <Name>Derek Crooks</Name>
    <ID>616740646</ID>
    <Address>1200 28th Street</Address>
    <DOB>1975-02-09 00:00:00</DOB>
  </Person>
  <Person>
    <Name>Jan Austin</Name>
    <ID>636596145</ID>
    <Address>145 Hyland Avenue</Address>
    <DOB>1976-03-10 00:00:00</DOB>
  </Person>
  <Person>
    <Name>Dave Whatmore</Name>
    <ID>644488789</ID>
    <Address>1034 West Street</Address>
    <DOB>1977-04-11 00:00:00</DOB>
  </Person>
  <Person>
    <Name>Jeremy Koney</Name>
    <ID>658579865</ID>
    <Address>2410 Chamberlain</Address>
    <DOB>1978-05-12 00:00:00</DOB>
  </Person>
  <Person>
    <Name>Merv Hughes</Name>
    <ID>664353912</ID>
    <Address>2400 Sheldon Avenue</Address>
    <DOB>1972-06-13 00:00:00</DOB>
  </Person>
  <Person>
    <Name>John Bracewell</Name>
    <ID>685744439</ID>
    <Address>1005 Lebert Hall</Address>
    <DOB>1962-09-24 00:00:00</DOB>
  </Person>
  <Person>
    <Name>Martin Crowe</Name>
    <ID>696302689</ID>
    <Address>1240 Stanton Drive</Address>
    <DOB>1973-07-14 00:00:00</DOB>
  </Person>
  <Person>
    <Name>Gavin Larson</Name>
    <ID>696335701</ID>
    <Address>1200 6th Street</Address>
    <DOB>1974-08-15 00:00:00</DOB>
  </Person>
  <Person>
    <Name>Chris Harris</Name>
    <ID>712524758</ID>
    <Address>2300 Chamberlain</Address>
    <DOB>1975-09-16 00:00:00</DOB>
  </Person>
  <Person>
    <Name>Chris Cairns</Name>
    <ID>712952591</ID>
    <Address>210 North Hyland</Address>
    <DOB>1976-10-17 00:00:00</DOB>
  </Person>
  <Person>
    <Name>Glen Turner</Name>
    <ID>722131306</ID>
    <Address>2390 Ash Avenue</Address>
    <DOB>1977-11-18 00:00:00</DOB>
  </Person>
  <Person>
    <Name>Deepak Patel</Name>
    <ID>737972250</ID>
    <Address>123 Bluebird Avenue</Address>
    <DOB>1978-12-19 00:00:00</DOB>
  </Person>
  <Person>
    <Name>Aldin Baptist</Name>
    <ID>743991555</ID>
    <Address>2345 Knapp</Address>
    <DOB>1972-01-20 00:00:00</DOB>
  </Person>
  <Person>
    <Name>John Poweel</Name>
    <ID>750913239</ID>
    <Address>234 13th Street</Address>
    <DOB>1973-02-21 00:00:00</DOB>
  </Person>
  <Person>
    <Name>Barbara Potters</Name>
    <ID>774885901</ID>
    <Address>2786 6th Street</Address>
    <DOB>1974-03-22 00:00:00</DOB>
  </Person>
  <Person>
    <Name>Jennifer Lowe</Name>
    <ID>785103478</ID>
    <Address>199 North Hyland</Address>
    <DOB>1975-04-23 00:00:00</DOB>
  </Person>
  <Person>
    <Name>Juan Rodriguez</Name>
    <ID>785273479</ID>
    <Address>25 Thomson Blvd</Address>
    <DOB>1976-05-24 00:00:00</DOB>
  </Person>
  <Person>
    <Name>Marcus Trescothick</Name>
    <ID>785811329</ID>
    <Address>34 Rampart Row</Address>
    <DOB>1977-06-25 00:00:00</DOB>
  </Person>
  <Person>
    <Name>Vikram Solanki</Name>
    <ID>787422802</ID>
    <Address>678 Queens Blvd</Address>
    <DOB>1978-07-26 00:00:00</DOB>
  </Person>
  <Person>
    <Name>Ronnie Irani</Name>
    <ID>793034333</ID>
    <Address>789 Gutherie Avenue</Address>
    <DOB>1972-08-27 00:00:00</DOB>
  </Person>
  <Person>
    <Name>Alan Sherear</Name>
    <ID>801166066</ID>
    <Address>890 Richard Street</Address>
    <DOB>1973-09-28 00:00:00</DOB>
  </Person>
  <Person>
    <Name>Rud Gullit</Name>
    <ID>803024290</ID>
    <Address>2345 West Street</Address>
    <DOB>1974-10-29 00:00:00</DOB>
  </Person>
  <Person>
    <Name>Martin Vasquez</Name>
    <ID>812073765</ID>
    <Address>2678 Rand Street</Address>
    <DOB>1975-11-30 00:00:00</DOB>
  </Person>
  <Person>
    <Name>John Freeman</Name>
    <ID>831142613</ID>
    <Address>2456 Stanton Street</Address>
    <DOB>1976-12-31 00:00:00</DOB>
  </Person>
  <Person>
    <Name>Philip Richards</Name>
    <ID>836826630</ID>
    <Address>6754 Bluebird Avenue</Address>
    <DOB>1977-01-01 00:00:00</DOB>
  </Person>
  <Person>
    <Name>Phil Edmonds</Name>
    <ID>839437833</ID>
    <Address>2312 Peder Street</Address>
    <DOB>1978-02-02 00:00:00</DOB>
  </Person>
  <Person>
    <Name>John Emburey</Name>
    <ID>845037919</ID>
    <Address>3452 Warden Road</Address>
    <DOB>1972-03-03 00:00:00</DOB>
  </Person>
  <Person>
    <Name>Robin Smith</Name>
    <ID>850631208</ID>
    <Address>4562 Carmichael Road</Address>
    <DOB>1973-04-04 00:00:00</DOB>
  </Person>
  <Person>
    <Name>Gavin Robertson</Name>
    <ID>862952924</ID>
    <Address>7654 Hill Road</Address>
    <DOB>1974-05-05 00:00:00</DOB>
  </Person>
  <Person>
    <Name>Justin Langer</Name>
    <ID>867910658</ID>
    <Address>5678 Mcnally Street</Address>
    <DOB>1975-06-06 00:00:00</DOB>
  </Person>
  <Person>
    <Name>Greg Blewett</Name>
    <ID>876550324</ID>
    <Address>234 Dayton</Address>
    <DOB>1976-07-07 00:00:00</DOB>
  </Person>
  <Person>
    <Name>John Matthews</Name>
    <ID>885469446</ID>
    <Address>578 3rd Street</Address>
    <DOB>1977-08-08 00:00:00</DOB>
  </Person>
  <Person>
    <Name>Ray Bright</Name>
    <ID>895255243</ID>
    <Address>1001 Cooper Hall</Address>
    <DOB>1955-12-11 00:00:00</DOB>
  </Person>
  <Person>
    <Name>Evan Chatfield</Name>
    <ID>901511548</ID>
    <Address>1002 Cooper Hall</Address>
    <DOB>1963-03-04 00:00:00</DOB>
  </Person>
  <Person>
    <Name>Shaun Elliot</Name>
    <ID>905922853</ID>
    <Address>456 Carver Street</Address>
    <DOB>1978-09-09 00:00:00</DOB>
  </Person>
  <Person>
    <Name>Perminder Singh</Name>
    <ID>907425648</ID>
    <Address>1003 Cooper Hall</Address>
    <DOB>1952-11-28 00:00:00</DOB>
  </Person>
  <Person>
    <Name>Jacques Kallis</Name>
    <ID>909334701</ID>
    <Address>1004 Cooper Hall</Address>
    <DOB>1964-02-27 00:00:00</DOB>
  </Person>
  <Person>
    <Name>Alan Donald</Name>
    <ID>916916939</ID>
    <Address>2410 Knapp Street</Address>
    <DOB>1972-10-10 00:00:00</DOB>
  </Person>
  <Person>
    <Name>Geoff Marsh</Name>
    <ID>924248824</ID>
    <Address>2345 Wembley</Address>
    <DOB>1973-11-11 00:00:00</DOB>
  </Person>
  <Person>
    <Name>David Boon</Name>
    <ID>930231660</ID>
    <Address>1005 Cooper Hall</Address>
    <DOB>1965-07-04 00:00:00</DOB>
  </Person>
  <Person>
    <Name>Dean Jones</Name>
    <ID>952145559</ID>
    <Address>1006 Cooper Hall</Address>
    <DOB>1962-01-02 00:00:00</DOB>
  </Person>
  <Person>
    <Name>Tom Moody</Name>
    <ID>956234659</ID>
    <Address>590 James Street</Address>
    <DOB>1974-12-12 00:00:00</DOB>
  </Person>
  <Person>
    <Name>Ricky Ponting</Name>
    <ID>961874958</ID>
    <Address>592 James Street</Address>
    <DOB>1975-01-13 00:00:00</DOB>
  </Person>
  <Person>
    <Name>Alan Border</Name>
    <ID>965882492</ID>
    <Address>1007 Cooper Hall</Address>
    <DOB>1963-01-24 00:00:00</DOB>
  </Person>
  <Person>
    <Name>Kepler Wessels</Name>
    <ID>973071948</ID>
    <Address>234 Bloomington</Address>
    <DOB>1976-02-14 00:00:00</DOB>
  </Person>
  <Person>
    <Name>Peter Kirsten</Name>
    <ID>980102825</ID>
    <Address>1468 Stanton Avenue</Address>
    <DOB>1977-03-15 00:00:00</DOB>
  </Person>
  <Person>
    <Name>Chris Pringle</Name>
    <ID>985954783</ID>
    <Address>2456 East London</Address>
    <DOB>1978-04-16 00:00:00</DOB>
  </Person>
  <Person>
    <Name>Craig Matthews</Name>
    <ID>992485307</ID>
    <Address>290 Riddle Street</Address>
    <DOB>1972-05-17 00:00:00</DOB>
  </Person>
  <Person>
    <Name>Richard Snell</Name>
    <ID>996056608</ID>
    <Address>256 Franklin Street</Address>
    <DOB>1973-06-18 00:00:00</DOB>
  </Person>
  <Person>
    <Name>Richard Ellison</Name>
    <ID>997111094</ID>
    <Address>456 Ontario</Address>
    <DOB>1974-07-19 00:00:00</DOB>
  </Person>
</AllPersons>