<?xml version="1.0" encoding="UTF-8"?>
<AllStudents>
   <Student>
		<StudentID>118784412</StudentID>
		<Classification>Sophomore</Classification>
		<GPA>3.19</GPA>
		<MentorID>201586985</MentorID>
		<CreditHours>39</CreditHours>
	</Student>
	<Student>
		<StudentID>124208644</StudentID>
		<Classification>Senior</Classification>
		<GPA>2.78</GPA>
		<MentorID>997111094</MentorID>
		<CreditHours>96</CreditHours>
	</Student>
	<Student>
		<StudentID>131838016</StudentID>
		<Classification>Junior</Classification>
		<GPA>2.95</GPA>
		<MentorID>386167477</MentorID>
		<CreditHours>68</CreditHours>
	</Student>
	<Student>
		<StudentID>143293833</StudentID>
		<Classification>Freshman</Classification>
		<GPA>3.46</GPA>
		<MentorID>463249547</MentorID>
		<CreditHours>21</CreditHours>
	</Student>
	<Student>
		<StudentID>163728111</StudentID>
		<Classification>Sophomore</Classification>
		<GPA>3.66</GPA>
		<MentorID>386167477</MentorID>
		<CreditHours>42</CreditHours>
	</Student>
	<Student>
		<StudentID>164500920</StudentID>
		<Classification>Senior</Classification>
		<GPA>3.89</GPA>
		<MentorID>201586985</MentorID>
		<CreditHours>99</CreditHours>
	</Student>
	<Student>
		<StudentID>164776911</StudentID>
		<Classification>Junior</Classification>
		<GPA>4</GPA>
		<MentorID>201586985</MentorID>
		<CreditHours>76</CreditHours>
	</Student>
	<Student>
		<StudentID>170815037</StudentID>
		<Classification>Freshman</Classification>
		<GPA>3.56</GPA>
		<MentorID>466388906</MentorID>
		<CreditHours>21</CreditHours>
	</Student>
	<Student>
		<StudentID>185141262</StudentID>
		<Classification>Sophomore</Classification>
		<GPA>2.29</GPA>
		<MentorID>386167477</MentorID>
		<CreditHours>54</CreditHours>
	</Student>
	<Student>
		<StudentID>191083779</StudentID>
		<Classification>Senior</Classification>
		<GPA>4</GPA>
		<MentorID>685744439</MentorID>
		<CreditHours>98</CreditHours>
	</Student>
	<Student>
		<StudentID>203745018</StudentID>
		<Classification>Junior</Classification>
		<GPA>3.45</GPA>
		<MentorID>997111094</MentorID>
		<CreditHours>70</CreditHours>
	</Student>
	<Student>
		<StudentID>212976207</StudentID>
		<Classification>Freshman</Classification>
		<GPA>4</GPA>
		<MentorID>555010131</MentorID>
		<CreditHours>24</CreditHours>
	</Student>
	<Student>
		<StudentID>222105935</StudentID>
		<Classification>Sophomore</Classification>
		<GPA>3.23</GPA>
		<MentorID>466388906</MentorID>
		<CreditHours>39</CreditHours>
	</Student>
	<Student>
		<StudentID>224620876</StudentID>
		<Classification>Senior</Classification>
		<GPA>3.3</GPA>
		<MentorID>997111094</MentorID>
		<CreditHours>105</CreditHours>
	</Student>
	<Student>
		<StudentID>232820149</StudentID>
		<Classification>Junior</Classification>
		<GPA>2.3</GPA>
		<MentorID>836826630</MentorID>
		<CreditHours>69</CreditHours>
	</Student>
	<Student>
		<StudentID>252533260</StudentID>
		<Classification>Freshman</Classification>
		<GPA>2.19</GPA>
		<MentorID>696335701</MentorID>
		<CreditHours>24</CreditHours>
	</Student>
	<Student>
		<StudentID>260369148</StudentID>
		<Classification>Sophomore</Classification>
		<GPA>2.99</GPA>
		<MentorID>696335701</MentorID>
		<CreditHours>39</CreditHours>
	</Student>
	<Student>
		<StudentID>261812056</StudentID>
		<Classification>Senior</Classification>
		<GPA>3.48</GPA>
		<MentorID>463249547</MentorID>
		<CreditHours>102</CreditHours>
	</Student>
	<Student>
		<StudentID>262891588</StudentID>
		<Classification>Junior</Classification>
		<GPA>3.5</GPA>
		<MentorID>555010131</MentorID>
		<CreditHours>82</CreditHours>
	</Student>
	<Student>
		<StudentID>271978135</StudentID>
		<Classification>Freshman</Classification>
		<GPA>3.78</GPA>
		<MentorID>836826630</MentorID>
		<CreditHours>24</CreditHours>
	</Student>
	<Student>
		<StudentID>273277984</StudentID>
		<Classification>Sophomore</Classification>
		<GPA>3.9</GPA>
		<MentorID>386167477</MentorID>
		<CreditHours>42</CreditHours>
	</Student>
	<Student>
		<StudentID>279702622</StudentID>
		<Classification>Senior</Classification>
		<GPA>3.45</GPA>
		<MentorID>836826630</MentorID>
		<CreditHours>105</CreditHours>
	</Student>
	<Student>
		<StudentID>285719425</StudentID>
		<Classification>Junior</Classification>
		<GPA>2.3</GPA>
		<MentorID>961874958</MentorID>
		<CreditHours>72</CreditHours>
	</Student>
	<Student>
		<StudentID>290986112</StudentID>
		<Classification>Freshman</Classification>
		<GPA>3.23</GPA>
		<MentorID>685744439</MentorID>
		<CreditHours>18</CreditHours>
	</Student>
	<Student>
		<StudentID>296669559</StudentID>
		<Classification>Sophomore</Classification>
		<GPA>3.67</GPA>
		<MentorID>836826630</MentorID>
		<CreditHours>48</CreditHours>
	</Student>
	<Student>
		<StudentID>302335678</StudentID>
		<Classification>Senior</Classification>
		<GPA>3.66</GPA>
		<MentorID>997111094</MentorID>
		<CreditHours>105</CreditHours>
	</Student>
	<Student>
		<StudentID>308635036</StudentID>
		<Classification>Junior</Classification>
		<GPA>3.45</GPA>
		<MentorID>961874958</MentorID>
		<CreditHours>78</CreditHours>
	</Student>
	<Student>
		<StudentID>315967897</StudentID>
		<Classification>Freshman</Classification>
		<GPA>3.89</GPA>
		<MentorID>463249547</MentorID>
		<CreditHours>18</CreditHours>
	</Student>
	<Student>
		<StudentID>328718420</StudentID>
		<Classification>Sophomore</Classification>
		<GPA>3.96</GPA>
		<MentorID>997111094</MentorID>
		<CreditHours>42</CreditHours>
	</Student>
	<Student>
		<StudentID>332012037</StudentID>
		<Classification>Senior</Classification>
		<GPA>3.45</GPA>
		<MentorID>386167477</MentorID>
		<CreditHours>99</CreditHours>
	</Student>
	<Student>
		<StudentID>340502961</StudentID>
		<Classification>Junior</Classification>
		<GPA>3.78</GPA>
		<MentorID>685744439</MentorID>
		<CreditHours>82</CreditHours>
	</Student>
	<Student>
		<StudentID>363200537</StudentID>
		<Classification>Freshman</Classification>
		<GPA>2.67</GPA>
		<MentorID>555010131</MentorID>
		<CreditHours>27</CreditHours>
	</Student>
	<Student>
		<StudentID>365774792</StudentID>
		<Classification>Sophomore</Classification>
		<GPA>2.45</GPA>
		<MentorID>463249547</MentorID>
		<CreditHours>56</CreditHours>
	</Student>
	<Student>
		<StudentID>382109560</StudentID>
		<Classification>Senior</Classification>
		<GPA>2.78</GPA>
		<MentorID>696335701</MentorID>
		<CreditHours>95</CreditHours>
	</Student>
	<Student>
		<StudentID>387215322</StudentID>
		<Classification>Junior</Classification>
		<GPA>2.89</GPA>
		<MentorID>201586985</MentorID>
		<CreditHours>78</CreditHours>
	</Student>
	<Student>
		<StudentID>391910519</StudentID>
		<Classification>Freshman</Classification>
		<GPA>2.67</GPA>
		<MentorID>386167477</MentorID>
		<CreditHours>18</CreditHours>
	</Student>
	<Student>
		<StudentID>406746417</StudentID>
		<Classification>Sophomore</Classification>
		<GPA>2.34</GPA>
		<MentorID>836826630</MentorID>
		<CreditHours>48</CreditHours>
	</Student>
	<Student>
		<StudentID>409508678</StudentID>
		<Classification>Senior</Classification>
		<GPA>3.47</GPA>
		<MentorID>997111094</MentorID>
		<CreditHours>98</CreditHours>
	</Student>
	<Student>
		<StudentID>419180204</StudentID>
		<Classification>Junior</Classification>
		<GPA>3.89</GPA>
		<MentorID>466388906</MentorID>
		<CreditHours>76</CreditHours>
	</Student>
	<Student>
		<StudentID>432180765</StudentID>
		<Classification>Freshman</Classification>
		<GPA>3.89</GPA>
		<MentorID>201586985</MentorID>
		<CreditHours>12</CreditHours>
	</Student>
	<Student>
		<StudentID>449976666</StudentID>
		<Classification>Sophomore</Classification>
		<GPA>3.65</GPA>
		<MentorID>466388906</MentorID>
		<CreditHours>45</CreditHours>
	</Student>
	<Student>
		<StudentID>466094162</StudentID>
		<Classification>Senior</Classification>
		<GPA>3.89</GPA>
		<MentorID>555010131</MentorID>
		<CreditHours>112</CreditHours>
	</Student>
	<Student>
		<StudentID>467545237</StudentID>
		<Classification>Junior</Classification>
		<GPA>3.56</GPA>
		<MentorID>961874958</MentorID>
		<CreditHours>78</CreditHours>
	</Student>
	<Student>
		<StudentID>477453864</StudentID>
		<Classification>Freshman</Classification>
		<GPA>3.9</GPA>
		<MentorID>961874958</MentorID>
		<CreditHours>12</CreditHours>
	</Student>
	<Student>
		<StudentID>483223789</StudentID>
		<Classification>Sophomore</Classification>
		<GPA>3.96</GPA>
		<MentorID>555010131</MentorID>
		<CreditHours>48</CreditHours>
	</Student>
	<Student>
		<StudentID>483727101</StudentID>
		<Classification>Senior</Classification>
		<GPA>3.89</GPA>
		<MentorID>201586985</MentorID>
		<CreditHours>102</CreditHours>
	</Student>
	<Student>
		<StudentID>485619193</StudentID>
		<Classification>Junior</Classification>
		<GPA>3.21</GPA>
		<MentorID>555010131</MentorID>
		<CreditHours>78</CreditHours>
	</Student>
	<Student>
		<StudentID>490649143</StudentID>
		<Classification>Freshman</Classification>
		<GPA>3.19</GPA>
		<MentorID>836826630</MentorID>
		<CreditHours>27</CreditHours>
	</Student>
	<Student>
		<StudentID>495490053</StudentID>
		<Classification>Sophomore</Classification>
		<GPA>2.89</GPA>
		<MentorID>836826630</MentorID>
		<CreditHours>39</CreditHours>
	</Student>
	<Student>
		<StudentID>500094214</StudentID>
		<Classification>Senior</Classification>
		<GPA>3.45</GPA>
		<MentorID>696335701</MentorID>
		<CreditHours>112</CreditHours>
	</Student>
	<Student>
		<StudentID>501674545</StudentID>
		<Classification>Junior</Classification>
		<GPA>2.78</GPA>
		<MentorID>685744439</MentorID>
		<CreditHours>78</CreditHours>
	</Student>
	<Student>
		<StudentID>504013895</StudentID>
		<Classification>Freshman</Classification>
		<GPA>2.98</GPA>
		<MentorID>997111094</MentorID>
		<CreditHours>18</CreditHours>
	</Student>
	<Student>
		<StudentID>513110141</StudentID>
		<Classification>Sophomore</Classification>
		<GPA>2.34</GPA>
		<MentorID>696335701</MentorID>
		<CreditHours>48</CreditHours>
	</Student>
	<Student>
		<StudentID>513729696</StudentID>
		<Classification>Senior</Classification>
		<GPA>1.98</GPA>
		<MentorID>685744439</MentorID>
		<CreditHours>102</CreditHours>
	</Student>
	<Student>
		<StudentID>550658107</StudentID>
		<Classification>Junior</Classification>
		<GPA>2.14</GPA>
		<MentorID>696335701</MentorID>
		<CreditHours>66</CreditHours>
	</Student>
	<Student>
		<StudentID>587735656</StudentID>
		<Classification>Freshman</Classification>
		<GPA>3.45</GPA>
		<MentorID>463249547</MentorID>
		<CreditHours>25</CreditHours>
	</Student>
	<Student>
		<StudentID>590987789</StudentID>
		<Classification>Sophomore</Classification>
		<GPA>3.23</GPA>
		<MentorID>685744439</MentorID>
		<CreditHours>45</CreditHours>
	</Student>
	<Student>
		<StudentID>601496044</StudentID>
		<Classification>Senior</Classification>
		<GPA>3.45</GPA>
		<MentorID>997111094</MentorID>
		<CreditHours>105</CreditHours>
	</Student>
	<Student>
		<StudentID>636596145</StudentID>
		<Classification>Junior</Classification>
		<GPA>2.89</GPA>
		<MentorID>555010131</MentorID>
		<CreditHours>75</CreditHours>
	</Student>
	<Student>
		<StudentID>644488789</StudentID>
		<Classification>Freshman</Classification>
		<GPA>2.99</GPA>
		<MentorID>466388906</MentorID>
		<CreditHours>24</CreditHours>
	</Student>
	<Student>
		<StudentID>658579865</StudentID>
		<Classification>Sophomore</Classification>
		<GPA>3.67</GPA>
		<MentorID>836826630</MentorID>
		<CreditHours>42</CreditHours>
	</Student>
	<Student>
		<StudentID>664353912</StudentID>
		<Classification>Senior</Classification>
		<GPA>3.89</GPA>
		<MentorID>466388906</MentorID>
		<CreditHours>99</CreditHours>
	</Student>
	<Student>
		<StudentID>696302689</StudentID>
		<Classification>Junior</Classification>
		<GPA>3.9</GPA>
		<MentorID>463249547</MentorID>
		<CreditHours>81</CreditHours>
	</Student>
	<Student>
		<StudentID>712524758</StudentID>
		<Classification>Freshman</Classification>
		<GPA>4</GPA>
		<MentorID>555010131</MentorID>
		<CreditHours>21</CreditHours>
	</Student>
	<Student>
		<StudentID>712952591</StudentID>
		<Classification>Junior</Classification>
		<GPA>3.98</GPA>
		<MentorID>463249547</MentorID>
		<CreditHours>72</CreditHours>
	</Student>
	<Student>
		<StudentID>722131306</StudentID>
		<Classification>Senior</Classification>
		<GPA>3.89</GPA>
		<MentorID>201586985</MentorID>
		<CreditHours>112</CreditHours>
	</Student>
	<Student>
		<StudentID>737972250</StudentID>
		<Classification>Junior</Classification>
		<GPA>3.45</GPA>
		<MentorID>997111094</MentorID>
		<CreditHours>80</CreditHours>
	</Student>
	<Student>
		<StudentID>743991555</StudentID>
		<Classification>Freshman</Classification>
		<GPA>3.23</GPA>
		<MentorID>463249547</MentorID>
		<CreditHours>27</CreditHours>
	</Student>
	<Student>
		<StudentID>750913239</StudentID>
		<Classification>Sophomore</Classification>
		<GPA>3.23</GPA>
		<MentorID>466388906</MentorID>
		<CreditHours>54</CreditHours>
	</Student>
	<Student>
		<StudentID>774885901</StudentID>
		<Classification>Senior</Classification>
		<GPA>3.67</GPA>
		<MentorID>463249547</MentorID>
		<CreditHours>99</CreditHours>
	</Student>
	<Student>
		<StudentID>785103478</StudentID>
		<Classification>Junior</Classification>
		<GPA>3.78</GPA>
		<MentorID>997111094</MentorID>
		<CreditHours>84</CreditHours>
	</Student>
	<Student>
		<StudentID>785273479</StudentID>
		<Classification>Freshman</Classification>
		<GPA>3.89</GPA>
		<MentorID>685744439</MentorID>
		<CreditHours>24</CreditHours>
	</Student>
	<Student>
		<StudentID>785811329</StudentID>
		<Classification>Sophomore</Classification>
		<GPA>2.67</GPA>
		<MentorID>685744439</MentorID>
		<CreditHours>48</CreditHours>
	</Student>
	<Student>
		<StudentID>787422802</StudentID>
		<Classification>Senior</Classification>
		<GPA>3</GPA>
		<MentorID>463249547</MentorID>
		<CreditHours>94</CreditHours>
	</Student>
	<Student>
		<StudentID>793034333</StudentID>
		<Classification>Junior</Classification>
		<GPA>3.17</GPA>
		<MentorID>961874958</MentorID>
		<CreditHours>75</CreditHours>
	</Student>
	<Student>
		<StudentID>801166066</StudentID>
		<Classification>Freshman</Classification>
		<GPA>3.12</GPA>
		<MentorID>685744439</MentorID>
		<CreditHours>18</CreditHours>
	</Student>
	<Student>
		<StudentID>803024290</StudentID>
		<Classification>Sophomore</Classification>
		<GPA>3.89</GPA>
		<MentorID>997111094</MentorID>
		<CreditHours>54</CreditHours>
	</Student>
	<Student>
		<StudentID>812073765</StudentID>
		<Classification>Senior</Classification>
		<GPA>4</GPA>
		<MentorID>386167477</MentorID>
		<CreditHours>105</CreditHours>
	</Student>
	<Student>
		<StudentID>831142613</StudentID>
		<Classification>Junior</Classification>
		<GPA>3.67</GPA>
		<MentorID>555010131</MentorID>
		<CreditHours>75</CreditHours>
	</Student>
	<Student>
		<StudentID>845037919</StudentID>
		<Classification>Freshman</Classification>
		<GPA>2.34</GPA>
		<MentorID>386167477</MentorID>
		<CreditHours>24</CreditHours>
	</Student>
	<Student>
		<StudentID>850631208</StudentID>
		<Classification>Sophomore</Classification>
		<GPA>2.19</GPA>
		<MentorID>997111094</MentorID>
		<CreditHours>52</CreditHours>
	</Student>
	<Student>
		<StudentID>862952924</StudentID>
		<Classification>Senior</Classification>
		<GPA>1.96</GPA>
		<MentorID>555010131</MentorID>
		<CreditHours>96</CreditHours>
	</Student>
	<Student>
		<StudentID>867910658</StudentID>
		<Classification>Junior</Classification>
		<GPA>3.89</GPA>
		<MentorID>386167477</MentorID>
		<CreditHours>75</CreditHours>
	</Student>
	<Student>
		<StudentID>876550324</StudentID>
		<Classification>Freshman</Classification>
		<GPA>3.89</GPA>
		<MentorID>836826630</MentorID>
		<CreditHours>21</CreditHours>
	</Student>
	<Student>
		<StudentID>885469446</StudentID>
		<Classification>Sophomore</Classification>
		<GPA>3.45</GPA>
		<MentorID>961874958</MentorID>
		<CreditHours>48</CreditHours>
	</Student>
	<Student>
		<StudentID>895255243</StudentID>
		<Classification>Senior</Classification>
		<GPA>3.42</GPA>
		<MentorID>201586985</MentorID>
		<CreditHours>98</CreditHours>
	</Student>
	<Student>
		<StudentID>901511548</StudentID>
		<Classification>Junior</Classification>
		<GPA>3.32</GPA>
		<MentorID>201586985</MentorID>
		<CreditHours>80</CreditHours>
	</Student>
	<Student>
		<StudentID>905922853</StudentID>
		<Classification>Freshman</Classification>
		<GPA>3.4</GPA>
		<MentorID>466388906</MentorID>
		<CreditHours>21</CreditHours>
	</Student>
	<Student>
		<StudentID>907425648</StudentID>
		<Classification>Sophomore</Classification>
		<GPA>4</GPA>
		<MentorID>555010131</MentorID>
		<CreditHours>52</CreditHours>
	</Student>
	<Student>
		<StudentID>909334701</StudentID>
		<Classification>Senior</Classification>
		<GPA>3.12</GPA>
		<MentorID>466388906</MentorID>
		<CreditHours>105</CreditHours>
	</Student>
	<Student>
		<StudentID>916916939</StudentID>
		<Classification>Junior</Classification>
		<GPA>3.9</GPA>
		<MentorID>696335701</MentorID>
		<CreditHours>80</CreditHours>
	</Student>
	<Student>
		<StudentID>930231660</StudentID>
		<Classification>Freshman</Classification>
		<GPA>3.87</GPA>
		<MentorID>463249547</MentorID>
		<CreditHours>21</CreditHours>
	</Student>
	<Student>
		<StudentID>952145559</StudentID>
		<Classification>Sophomore</Classification>
		<GPA>4</GPA>
		<MentorID>836826630</MentorID>
		<CreditHours>54</CreditHours>
	</Student>
	<Student>
		<StudentID>956234659</StudentID>
		<Classification>Senior</Classification>
		<GPA>4</GPA>
		<MentorID>997111094</MentorID>
		<CreditHours>95</CreditHours>
	</Student>
	<Student>
		<StudentID>965882492</StudentID>
		<Classification>Junior</Classification>
		<GPA>3.89</GPA>
		<MentorID>961874958</MentorID>
		<CreditHours>76</CreditHours>
	</Student>
	<Student>
		<StudentID>973071948</StudentID>
		<Classification>Freshman</Classification>
		<GPA>3.98</GPA>
		<MentorID>466388906</MentorID>
		<CreditHours>24</CreditHours>
	</Student>
	<Student>
		<StudentID>980102825</StudentID>
		<Classification>Sophomore</Classification>
		<GPA>3.42</GPA>
		<MentorID>463249547</MentorID>
		<CreditHours>45</CreditHours>
	</Student>
	<Student>
		<StudentID>985954783</StudentID>
		<Classification>Junior</Classification>
		<GPA>0.45</GPA>
		<MentorID>836826630</MentorID>
		<CreditHours>76</CreditHours>
	</Student>
	<Student>
		<StudentID>992485307</StudentID>
		<Classification>Freshman</Classification>
		<GPA>0.49</GPA>
		<MentorID>201586985</MentorID>
		<CreditHours>24</CreditHours>
	</Student>
	<Student>
		<StudentID>996056608</StudentID>
		<Classification>Sophomore</Classification>
		<GPA>0.49</GPA>
		<MentorID>463249547</MentorID>
		<CreditHours>48</CreditHours>
	</Student>
</AllStudents>